{
  "FulingCoinDropScale": 1.0,
  "SecretStash": {
    "RefreshInterval": 1,
    "Materials": [
    ],
    "RollsPerRarity": [1, 1, 1, 1],
    "RandomItems": [
      { "Item": "RunestoneMagic",       "CoinsCost": 120 },
      { "Item": "RunestoneRare",        "CoinsCost": 240 },
      { "Item": "RunestoneEpic",     	"CoinsCost": 360 },
      { "Item": "RunestoneLegendary",   "CoinsCost": 640 },
      { "Item": "EssenceRare",          "CoinsCost": 240 },
      { "Item": "EssenceEpic",      	"CoinsCost": 360 },
      { "Item": "EssenceLegendary",     "CoinsCost": 640 }
    ],
    "RandomItemsCount": 2, 
    "OtherItems": [
      { "Item": "ShardMagic",       	"CoinsCost": 50 },
      { "Item": "RunestoneMagic",       "CoinsCost": 150 },
      { "Item": "RunestoneRare",        "CoinsCost": 300 },
      { "Item": "RunestoneEpic",     	"CoinsCost": 450 },
      { "Item": "RunestoneLegendary",   "CoinsCost": 800 },
      { "Item": "EssenceRare",          "CoinsCost": 300 },
      { "Item": "EssenceEpic",      	"CoinsCost": 450 },
      { "Item": "EssenceLegendary",     "CoinsCost": 800 },
      { "Item": "RunestoneMagic",       "ForestTokenCost": 3 },
      { "Item": "RunestoneRare",        "IronBountyTokenCost": 5 },
      { "Item": "RunestoneEpic",        "IronBountyTokenCost": 10 },
      { "Item": "RunestoneLegendary",   "GoldBountyTokenCost": 5 },
      { "Item": "EssenceRare",          "IronBountyTokenCost": 5 },
      { "Item": "EssenceEpic",      	"IronBountyTokenCost": 10 },
      { "Item": "EssenceLegendary",     "GoldBountyTokenCost": 5 },
	  { "Item": "EnchantedKey", 		"ForestTokenCost": 20 },
	  { "Item": "Andvaranaut", 			"ForestTokenCost": 10 },
    ]
  },
  "Gamble": { 
    "RefreshInterval": 2,
    "Gambles": [
	  "Swords",
      "Axes",
      "TwoHandAxes",
      "Knives",
      "Fists",
      "Staffs",
      "Clubs",
      "Sledges",
      "Polearms",
      "Spears",
      "Pickaxes",
      "Bows",
      "Bucklers",
      "RoundShields",
      "TowerShields",
      "ChestArmor",
      "LegsArmor",
      "HeadArmor",
      "ShouldersArmor",
      "Utility"
    ],
	
    "GamblesCount": 3,
    "GambleRarityChance": [ 65, 20, 10, 3, 2 ],
    "GambleRarityChanceByRarity" : [
      [ 0, 90, 10, 0, 0 ],
      [ 50, 10, 40, 0, 0 ],
      [ 50, 5, 5, 40, 0 ],
      [ 50, 2, 3, 5, 40 ]
    ],
    "ForestTokenGamblesCount": 3, 
    "ForestTokenGambleCoinsCost": 1.5, 
    "ForestTokenGambleCostMin": 2,
    "ForestTokenGambleCostMax": 5,
    "IronBountyGamblesCount": 2, 
    "IronBountyGambleCoinsCost": 1.75, 
    "IronBountyGambleCost": 5,
    "GoldBountyGamblesCount": 2, 
    "GoldBountyGambleCoinsCost": 2, 
    "GoldBountyGambleCost": 5, 
    "GambleCosts": [
	

      { "Item": "AxeStone",               "CoinsCost": 110 },
      { "Item": "ShieldWood",             "CoinsCost": 120 },
      { "Item": "ShieldWoodTower",        "CoinsCost": 150 },
      { "Item": "Bow",                    "CoinsCost": 130 },
      { "Item": "CapeDeerHide",           "CoinsCost": 120 },
	  { "Item": "ArmorRagsChest",         "CoinsCost": 100 },
	  { "Item": "ArmorRagsLegs",          "CoinsCost": 100 },
	  { "Item": "Club",          		  "CoinsCost": 75 },
	  
      { "Item": "AxeFlint",               "CoinsCost": 200 },
	  { "Item": "SwordFlint_TW",          "CoinsCost": 220 },
	  { "Item": "SwordBone_TW",           "CoinsCost": 230 },
	  { "Item": "MaceFlint_TW",           "CoinsCost": 220 },
      { "Item": "KnifeFlint",             "CoinsCost": 200 },
	  { "Item": "GreatClub_TW",           "CoinsCost": 210 },
      { "Item": "PickaxeAntler",          "CoinsCost": 290 },
      { "Item": "SpearFlint",             "CoinsCost": 200 },
      { "Item": "HelmetLeather",          "CoinsCost": 200 },
      { "Item": "ArmorLeatherLegs",       "CoinsCost": 200 },
      { "Item": "ArmorLeatherChest",      "CoinsCost": 200 },
      { "Item": "ArmorNobleHelmet",       "CoinsCost": 250 },
      { "Item": "ArmorNobleChest",        "CoinsCost": 250 },
      { "Item": "ArmorNobleLegs",      	  "CoinsCost": 250 },
      { "Item": "ArmorNobleCape",         "CoinsCost": 225 },
	  
      { "Item": "ArmorTrollLeatherChest", "CoinsCost": 320 },	  
      { "Item": "ArmorTrollLeatherLegs",  "CoinsCost": 320 },	  
      { "Item": "HelmetTrollLeather",     "CoinsCost": 310 },	  
      { "Item": "CapeTrollHide",          "CoinsCost": 300 },
	  
	  { "Item": "BattleaxeBronze_TW",     "CoinsCost": 550 },
	  { "Item": "SpearBronze",            "CoinsCost": 510 },
	  { "Item": "ClaymoreChitin_TW",      "CoinsCost": 650 },
	  { "Item": "KnifeCopper",      	  "CoinsCost": 450 },
	  { "Item": "ClaymoreBronze_TW",      "CoinsCost": 600 },
	  { "Item": "ShieldBronzeBanded_TW",  "CoinsCost": 550 },
	  { "Item": "ShieldBronzeTower_TW",   "CoinsCost": 580 },
	  { "Item": "ShieldBoneTower",   	  "CoinsCost": 580 },
      { "Item": "SwordBronze",            "CoinsCost": 520 },	  
      { "Item": "SledgeStagbreaker",      "CoinsCost": 500 },	  
      { "Item": "PickaxeBronze",          "CoinsCost": 600 },	  
      { "Item": "LeatherBelt",            "CoinsCost": 500 },	  
      { "Item": "BattlehammerTrollbone_TW",           "CoinsCost": 550 },	  
      { "Item": "GoldRubyRing",           "CoinsCost": 550 },	  
      { "Item": "MaceBronze",             "CoinsCost": 520 },	  
	  { "Item": "AtgeirBronze",           "CoinsCost": 540 },	  
      { "Item": "AxeBronze",              "CoinsCost": 520 },	  
	  { "Item": "ShieldBronzeBuckler",    "CoinsCost": 530 },
	  { "Item": "BowFineWood",            "CoinsCost": 560 },
	  { "Item": "ArmorBronzeChest",       "CoinsCost": 620 },
      { "Item": "ArmorBronzeLegs",        "CoinsCost": 620 },
	  { "Item": "HelmetBronze",           "CoinsCost": 600 },
	  { "Item": "ArmorBarbarianBronzeHelmetJD",           "CoinsCost": 570 },
	  { "Item": "ArmorBarbarianBronzeChestJD",           "CoinsCost": 580 },
	  { "Item": "ArmorBarbarianBronzeLegsJD",           "CoinsCost": 580 },
	  { "Item": "ArmorBarbarianCapeJD",   "CoinsCost": 590 },
	  { "Item": "ArmorWarriorHelmet",     "CoinsCost": 600 },
	  { "Item": "ArmorWarriorChest",      "CoinsCost": 610 },
	  { "Item": "ArmorWarriorLegs",       "CoinsCost": 610 },
     
      { "Item": "Battleaxe",              "CoinsCost": 800 },
      { "Item": "PickaxeIron",            "CoinsCost": 800 },
	  { "Item": "SpearChitin",      	  "CoinsCost": 800 },
	  { "Item": "KnifeChitin",      	  "CoinsCost": 800 },
      { "Item": "SledgeIron",             "CoinsCost": 800 },
      { "Item": "SpearElderbark",         "CoinsCost": 800 },
      { "Item": "BowHuntsman",            "CoinsCost": 800 },
	  { "Item": "MaceIron",          	  "CoinsCost": 800 },
      { "Item": "AtgeirIron",             "CoinsCost": 800 },
      { "Item": "ShieldBanded",           "CoinsCost": 800 },
	  { "Item": "ShieldIronTower",        "CoinsCost": 800 },
	  { "Item": "ShieldIronBuckler",      "CoinsCost": 800 },  
      { "Item": "SwordIron",              "CoinsCost": 800 },
	  { "Item": "ArmorIronChest",         "CoinsCost": 800 },
      { "Item": "ArmorIronLegs",          "CoinsCost": 800 },
      { "Item": "HelmetIron",     		  "CoinsCost": 800 },
	  { "Item": "HelmetRoot",             "CoinsCost": 800 },
	  { "Item": "ArmorRootLegs",          "CoinsCost": 800 },
	  { "Item": "ArmorRootChest",         "CoinsCost": 800 },
	  { "Item": "BattleaxeIron_TW",       "CoinsCost": 800 },
	  { "Item": "BattlehammerIron_TW",    "CoinsCost": 800 },
	  { "Item": "ClaymoreIron_TW",        "CoinsCost": 800 },
	  { "Item": "SwordChitin_TW",         "CoinsCost": 800 },
	  { "Item": "KnifeIron_TW",           "CoinsCost": 800 },
	  { "Item": "HelmetRotten_TW",        "CoinsCost": 800 },
	  { "Item": "ArmorRottenChest_TW",    "CoinsCost": 800 },
	  { "Item": "ArmorRottenLegs_TW",     "CoinsCost": 800 },
	  { "Item": "CapeRotten_TW",          "CoinsCost": 800 },
	  { "Item": "ArmorPlateIronHelmetJD", "CoinsCost": 800 },
	  { "Item": "ArmorPlateIronChestJD",  "CoinsCost": 800 },
	  { "Item": "ArmorPlateIronLegsJD",   "CoinsCost": 800 },
	  { "Item": "ArmorPlateCape",         "CoinsCost": 800 },
	  { "Item": "AxeIron",                "CoinsCost": 800 },
	  
	  { "Item": "BattleaxeCrystal",       "CoinsCost": 1200 },
	  { "Item": "SilverRing",       	  "CoinsCost": 1200 },
      { "Item": "SpearWolfFang",          "CoinsCost": 1200 },
      { "Item": "ShieldSerpentscale",     "CoinsCost": 1200 },
      { "Item": "BowDraugrFang",          "CoinsCost": 1200 },
	  { "Item": "MaceSilver",             "CoinsCost": 1200 },
      { "Item": "ShieldSilver",    	      "CoinsCost": 1200 },
      { "Item": "KnifeSilver",     	      "CoinsCost": 1200 },
      { "Item": "SwordSilver",            "CoinsCost": 1200 },
      { "Item": "CapeWolf",               "CoinsCost": 1200 },	
	  { "Item": "ArmorWolfChest",         "CoinsCost": 1200 },
      { "Item": "ArmorWolfLegs",          "CoinsCost": 1200 },
      { "Item": "HelmetDrake",      	  "CoinsCost": 1200 },
	  { "Item": "ArmorFenringLegs",       "CoinsCost": 1200 },
	  { "Item": "ArmorFenringChest",      "CoinsCost": 1200 },
	  { "Item": "HelmetFenring",      	  "CoinsCost": 1200 },
	  { "Item": "AtgeirSilver_TW",        "CoinsCost": 1200 },
	  { "Item": "BattleaxeSilver_TW",     "CoinsCost": 1200 },
	  { "Item": "BattlehammerSilver_TW",  "CoinsCost": 1200 },
	  { "Item": "ClaymoreSilver_TW",      "CoinsCost": 1200 },
	  { "Item": "FistSilver_TW",      	  "CoinsCost": 1200 },
	  { "Item": "SledgeSilver_TW",        "CoinsCost": 1200 },
	  { "Item": "PickaxeSilver_TW",       "CoinsCost": 1200 },
	  { "Item": "AxeSilver_TW",      	  "CoinsCost": 1200 },
	  { "Item": "KnifeWrench_TW",      	  "CoinsCost": 1200 },
	  { "Item": "ArmorDragonslayerHelmet",      	  "CoinsCost": 1200 },
	  { "Item": "ArmorDragonslayerChest", "CoinsCost": 1200 },
	  { "Item": "ArmorDragonslayerLegs",  "CoinsCost": 1200 },
	  { "Item": "ArmorWandererHelmet",    "CoinsCost": 1200 },
	  { "Item": "ArmorWandererChest",     "CoinsCost": 1200 },
	  { "Item": "ArmorWandererLegs",      "CoinsCost": 1200 },
	  { "Item": "ArmorWandererCape",      "CoinsCost": 1200 },

      { "Item": "CapeLox",                "CoinsCost": 1600 },
	  { "Item": "ArmorPaddedCuirass",     "CoinsCost": 1600 },
      { "Item": "ArmorPaddedGreaves",     "CoinsCost": 1600 },
      { "Item": "HelmetPadded",       	  "CoinsCost": 1600 },
	  { "Item": "MaceNeedle",             "CoinsCost": 1600 },
      { "Item": "AtgeirBlackmetal",       "CoinsCost": 1600 },
      { "Item": "KnifeBlackMetal",        "CoinsCost": 1600 },
      { "Item": "ShieldBlackmetal",       "CoinsCost": 1600 },
	  { "Item": "ShieldBlackmetalTower",  "CoinsCost": 1600 },
      { "Item": "SwordBlackmetal",        "CoinsCost": 1600 },
	  { "Item": "AxeBlackMetal",          "CoinsCost": 1600 },
	  { "Item": "PickaxeBlackMetal",      "CoinsCost": 1600 },
	  { "Item": "TridentBlackmetal_TW",   "CoinsCost": 1600 },
	  { "Item": "BattleaxeBlackmetal_TW", "CoinsCost": 1600 },
	  { "Item": "BattlehammerBlackmetal_TW", "CoinsCost": 1600 },
	  { "Item": "ClaymoreBlackmetal_TW",  "CoinsCost": 1600 },
	  { "Item": "SledgeBlackmetal_TW",    "CoinsCost": 1600 },
	  { "Item": "SwordScimitar_TW",       "CoinsCost": 1600 },
	  { "Item": "BowBlackmetal_TW",       "CoinsCost": 1600 },
	  { "Item": "GreatbowBlackmetal_TW",  "CoinsCost": 1600 },
	  { "Item": "SpearBlackmetal_TW",     "CoinsCost": 1600 },
	  { "Item": "HelmetLox_TW",     	  "CoinsCost": 1600 },
	  { "Item": "ArmorLoxChest_TW",       "CoinsCost": 1600 },
	  { "Item": "ArmorLoxLegs_TW",        "CoinsCost": 1600 },
	  { "Item": "CapeLox_TW",             "CoinsCost": 1600 },
	  { "Item": "FistBlackmetal_TW",      "CoinsCost": 1600 },
	  { "Item": "ArmorBlackmetalgarbHelmet",      "CoinsCost": 1600 },
	  { "Item": "ArmorBlackmetalgarbChest",      "CoinsCost": 1600 },
	  { "Item": "ArmorBlackmetalgarbLegs",      "CoinsCost": 1600 },
	  { "Item": "ArmorSerpentHelmet",    "CoinsCost": 1600 },
	  { "Item": "ArmorSerpentChest",     "CoinsCost": 1600 },
	  { "Item": "ArmorSerpentLegs",      "CoinsCost": 1600 },
	  { "Item": "ArmorSerpentCape",      "CoinsCost": 1600 },
	  
	  { "Item": "AtgeirHimminAfl",        "CoinsCost": 2000 },
	  { "Item": "AxeJotunBane",           "CoinsCost": 2000 },
	  { "Item": "KnifeSkollAndHati",      "CoinsCost": 2000 },
	  { "Item": "StaffFireball",          "CoinsCost": 2000 },
	  { "Item": "StaffIceShards",         "CoinsCost": 2000 },
	  { "Item": "StaffShield",            "CoinsCost": 2000 },
	  { "Item": "StaffSkeleton",          "CoinsCost": 2000 },
	  { "Item": "SledgeDemolisher",       "CoinsCost": 2000 },
	  { "Item": "SpearCarapace",          "CoinsCost": 2000 },
	  { "Item": "THSwordKrom",            "CoinsCost": 2000 },
	  { "Item": "CrossbowArbalest",       "CoinsCost": 2000 },
	  { "Item": "BowSpineSnap",           "CoinsCost": 2000 },
	  { "Item": "ShieldCarapace",         "CoinsCost": 2000 },
	  { "Item": "ShieldCarapaceBuckler",  "CoinsCost": 2000 },
	  { "Item": "ArmorMageChest",         "CoinsCost": 2000 },
	  { "Item": "ArmorCarapaceChest",     "CoinsCost": 2000 },
	  { "Item": "ArmorCarapaceLegs",      "CoinsCost": 2000 },
	  { "Item": "ArmorMageLegs",          "CoinsCost": 2000 },
	  { "Item": "HelmetCarapace",         "CoinsCost": 2000 },
	  { "Item": "HelmetMage",             "CoinsCost": 2000 },
	  { "Item": "CapeFeather",            "CoinsCost": 2000 },
	  { "Item": "CapeFeather",            "CoinsCost": 2000 },
	  { "Item": "BattleaxeDvergr_TW",     "CoinsCost": 2000 },
	  { "Item": "SledgeDemolisher_TW",    "CoinsCost": 2000 },
	  { "Item": "MaceDvergr_TW",          "CoinsCost": 2000 },
	  { "Item": "BattlehammerDvergr_TW",  "CoinsCost": 2000 },
	  { "Item": "FistDvergr_TW",          "CoinsCost": 2000 },
	  { "Item": "LanceDvergr_TW",         "CoinsCost": 2000 },
	  { "Item": "AxeDvergr_TW",   		  "CoinsCost": 2000 },
	  { "Item": "PickaxeDvergr_TW",   	  "CoinsCost": 2000 },
	  { "Item": "ArmorMistlandsChest",    "CoinsCost": 2000 },
	  { "Item": "ArmorMistlandsLegs",     "CoinsCost": 2000 },
	  { "Item": "ArmorMistlandsHelmet",   "CoinsCost": 2000 },
	  
	  { "Item": "SwordNjord_TW",          "CoinsCost": 2400 },
	  { "Item": "AtgeirNjord_TW",         "CoinsCost": 2400 },
	  { "Item": "BattleaxeNjord_TW",      "CoinsCost": 2400 },
	  { "Item": "BattlehammerNjord_TW",   "CoinsCost": 2400 },
	  { "Item": "BowNjord_TW",            "CoinsCost": 2400 },
	  { "Item": "ClaymoreNjord_TW",       "CoinsCost": 2400 },
	  { "Item": "FistNjord_TW",           "CoinsCost": 2400 },
	  { "Item": "GreatbowNjord_TW",       "CoinsCost": 2400 },
	  { "Item": "KnifeNjord_TW",          "CoinsCost": 2400 },
	  { "Item": "MaceNjord_TW",           "CoinsCost": 2400 },
	  { "Item": "SledgeNjord_TW",         "CoinsCost": 2400 },
	  { "Item": "SpearNjord_TW",          "CoinsCost": 2400 },
	  
	  { "Item": "AtgeirSurtr_TW",         "CoinsCost": 2500 },
	  { "Item": "BattleaxeSurtr_TW",      "CoinsCost": 2500 },
	  { "Item": "BattlehammerSurtr_TW",   "CoinsCost": 2500 },
	  { "Item": "BowSurtr_TW",            "CoinsCost": 2500 },
	  { "Item": "ClaymoreSurtr_TW",       "CoinsCost": 2500 },
	  { "Item": "FistSurtr_TW",           "CoinsCost": 2500 },
	  { "Item": "KnifeSurtr_TW",          "CoinsCost": 2500 },
	  { "Item": "MaceSurtr_TW",           "CoinsCost": 2500 },
	  { "Item": "SledgeSurtr_TW",         "CoinsCost": 2500 },
	  { "Item": "SpearSurtr_TW",          "CoinsCost": 2500 },
	  { "Item": "SwordSurtr_TW",          "CoinsCost": 2500 }
    ]
  },
  "TreasureMap": { 
    "RefreshInterval": 1,
    "BiomeInfo": [
      { "Biome": "Meadows",     "Cost": 50,  "ForestTokens": 2, "MinRadius": 0,     "MaxRadius": 2000 },
      { "Biome": "BlackForest", "Cost": 150, "ForestTokens": 2, "MinRadius": 300,   "MaxRadius": 3000 },
      { "Biome": "Ocean",       "Cost": -1,  "ForestTokens": 0, "MinRadius": 500,   "MaxRadius": 8000 },
      { "Biome": "Swamp",       "Cost": 250, "ForestTokens": 3, "MinRadius": 500,   "MaxRadius": 5000 },
      { "Biome": "Mountain",    "Cost": 350, "ForestTokens": 4, "MinRadius": 500,   "MaxRadius": 6000 },
      { "Biome": "Plains",      "Cost": 450, "ForestTokens": 5, "MinRadius": 3000,  "MaxRadius": 6000 },
      { "Biome": "Mistlands",   "Cost": 600, "ForestTokens": 5, "MinRadius": 4000, 	"MaxRadius": 9000 },
      { "Biome": "AshLands",   	"Cost": 750, "ForestTokens": 5, "MinRadius": 4000, 	"MaxRadius": 10000 },
      { "Biome": "DeepNorth",   "Cost": 750, "ForestTokens": 5, "MinRadius": 4000, 	"MaxRadius": 10000 }
	 
    ],
    "StartRadiusMin": 0,
    "StartRadiusMax": 500,
    "IncreaseRadiusCount": 2,
    "RadiusInterval": 100,
    "MinimapAreaRadius": 45,
    "SaleItems": [] 
  },
  "Bounties": { 
    "RefreshInterval": 1,
    "IronMinLevel": 3,
    "IronMaxLevel": 4,
    "IronHealthMultiplier": 2.5, 
    "GoldMinLevel": 5,
    "GoldMaxLevel": 6,
    "GoldHealthMultiplier": 3.0, 
    "AddsMinLevel": 3,
    "AddsMaxLevel": 3,
    "AddsHealthMultiplier": 2.0, 
    "Targets": [
	
      { "Biome": "Meadows",     "TargetID": "Greyling",         	"RewardGold": 0, "RewardIron": 0, "RewardCoins": 50   },
      { "Biome": "Meadows",     "TargetID": "Greyling",             "RewardGold": 0, "RewardIron": 0, "RewardCoins": 70   },
      { "Biome": "Meadows",     "TargetID": "Boar",             	"RewardGold": 0, "RewardIron": 0, "RewardCoins": 60   },
      { "Biome": "Meadows",     "TargetID": "Neck",             	"RewardGold": 0, "RewardIron": 0, "RewardCoins": 50   },
      { "Biome": "Meadows",     "TargetID": "Fox_TW",             	"RewardGold": 0, "RewardIron": 0, "RewardCoins": 60   },
      { "Biome": "Meadows",     "TargetID": "TreeSpider",       	"RewardGold": 0, "RewardIron": 1, "RewardCoins": 90   },
      { "Biome": "Meadows",     "TargetID": "GreenSpider",      	"RewardGold": 0, "RewardIron": 0, "RewardCoins": 90   },
      { "Biome": "Meadows",     "TargetID": "Out_Wendigo",      	"RewardGold": 0, "RewardIron": 1, "RewardCoins": 100   },
      { "Biome": "Meadows",     "TargetID": "Out_Wendigo",      	"RewardGold": 1, "RewardIron": 1, "RewardCoins": 150   },
      { "Biome": "Meadows", 	"TargetID": "Out_Apparition",       "RewardGold": 1, "RewardIron": 1, "RewardCoins": 100   },
      { "Biome": "Plains", 		"TargetID": "Out_BirchElder",       "RewardGold": 1, "RewardIron": 2, "RewardCoins": 200   },
      { "Biome": "Plains", 		"TargetID": "Out_BirchElder",       "RewardGold": 0, "RewardIron": 1, "RewardCoins": 180   },
      
      { "Biome": "BlackForest", "TargetID": "Greydwarf",        	"RewardGold": 0, "RewardIron": 0, "RewardCoins": 90    },
      { "Biome": "BlackForest", "TargetID": "Greydwarf",        	"RewardGold": 0, "RewardIron": 1, "RewardCoins": 125    },
      { "Biome": "BlackForest", "TargetID": "Razorback_TW",        	"RewardGold": 0, "RewardIron": 0, "RewardCoins": 90    },
      { "Biome": "BlackForest", "TargetID": "Razorback_TW",        	"RewardGold": 0, "RewardIron": 1, "RewardCoins": 125    },
      { "Biome": "BlackForest", "TargetID": "Ghost",            	"RewardGold": 0, "RewardIron": 1, "RewardCoins": 150   },
      { "Biome": "BlackForest", "TargetID": "NormalGhostWarrior",   "RewardGold": 0, "RewardIron": 0, "RewardCoins": 150   },
      { "Biome": "BlackForest", "TargetID": "NormalGhostWarrior",   "RewardGold": 1, "RewardIron": 1, "RewardCoins": 200   },
      { "Biome": "BlackForest", "TargetID": "NormalSkeletonWarrior", "RewardGold": 0, "RewardIron": 0, "RewardCoins": 125   },
      { "Biome": "BlackForest", "TargetID": "NormalSkeletonWarrior", "RewardGold": 0, "RewardIron": 1, "RewardCoins": 150   },
      { "Biome": "BlackForest", "TargetID": "Greydwarf_Elite",  	"RewardGold": 0, "RewardIron": 1, "RewardCoins": 240   },
      { "Biome": "BlackForest", "TargetID": "Greydwarf_Elite",   	"RewardGold": 1, "RewardIron": 0, "RewardCoins": 300   },
      { "Biome": "BlackForest", "TargetID": "Greydwarf_Shaman", 	"RewardGold": 0, "RewardIron": 1, "RewardCoins": 230   },
      { "Biome": "BlackForest", "TargetID": "Greydwarf_Shaman", 	"RewardGold": 1, "RewardIron": 0, "RewardCoins": 250   },
      { "Biome": "BlackForest", "TargetID": "Troll",            	"RewardGold": 1, "RewardIron": 2, "RewardCoins": 500   },
      { "Biome": "BlackForest", "TargetID": "Troll",            	"RewardGold": 2, "RewardIron": 3, "RewardCoins": 750   },
      { "Biome": "BlackForest", "TargetID": "Skeleton_Poison",  	"RewardGold": 0, "RewardIron": 1, "RewardCoins": 230   },
      { "Biome": "BlackForest", "TargetID": "Skeleton_Poison",  	"RewardGold": 1, "RewardIron": 0, "RewardCoins": 230   },
      { "Biome": "BlackForest", "TargetID": "MolluscanLand", 		"RewardGold": 0, "RewardIron": 1, "RewardCoins": 260   },
      { "Biome": "BlackForest", "TargetID": "MolluscanLand", 		"RewardGold": 1, "RewardIron": 0, "RewardCoins": 300   },
      { "Biome": "BlackForest", "TargetID": "BlackBear_TW", 		"RewardGold": 0, "RewardIron": 1, "RewardCoins": 200   },
      { "Biome": "BlackForest", "TargetID": "BlackBear_TW", 		"RewardGold": 1, "RewardIron": 0, "RewardCoins": 225   },
      { "Biome": "BlackForest", "TargetID": "GDAncientShaman_TW", 	"RewardGold": 1, "RewardIron": 0, "RewardCoins": 300   },
      { "Biome": "BlackForest", "TargetID": "GDAncientShaman_TW", 	"RewardGold": 0, "RewardIron": 1, "RewardCoins": 250   },
      { "Biome": "BlackForest", "TargetID": "Out_Apparition",   	"RewardGold": 1, "RewardIron": 2, "RewardCoins": 100   },
      
      { "Biome": "Swamp",       "TargetID": "Blob",             	"RewardGold": 0, "RewardIron": 0, "RewardCoins": 300   },
      { "Biome": "Swamp",       "TargetID": "BlobElite",            "RewardGold": 0, "RewardIron": 1, "RewardCoins": 350   },
      { "Biome": "Swamp",       "TargetID": "BlobElite",            "RewardGold": 1, "RewardIron": 1, "RewardCoins": 375   },
      { "Biome": "Swamp",       "TargetID": "Leech",            	"RewardGold": 0, "RewardIron": 0, "RewardCoins": 300   },
      { "Biome": "Swamp",       "TargetID": "Leech",            	"RewardGold": 0, "RewardIron": 1, "RewardCoins": 320   },
      { "Biome": "Swamp",       "TargetID": "RottingElk_TW",        "RewardGold": 0, "RewardIron": 0, "RewardCoins": 300   },
      { "Biome": "Swamp",       "TargetID": "RottingElk_TW",        "RewardGold": 0, "RewardIron": 1, "RewardCoins": 320   },
      { "Biome": "Swamp",       "TargetID": "Draugr",           	"RewardGold": 0, "RewardIron": 1, "RewardCoins": 320   },
      { "Biome": "Swamp",       "TargetID": "Draugr",           	"RewardGold": 1, "RewardIron": 1, "RewardCoins": 350   },
      { "Biome": "Swamp",       "TargetID": "Draugr_Elite",     	"RewardGold": 0, "RewardIron": 1, "RewardCoins": 400   },
      { "Biome": "Swamp",       "TargetID": "Draugr_Elite",     	"RewardGold": 1, "RewardIron": 1, "RewardCoins": 150   },
      { "Biome": "Swamp",       "TargetID": "ML_Surtling",         	"RewardGold": 0, "RewardIron": 0, "RewardCoins": 290   },
      { "Biome": "Swamp",       "TargetID": "ML_Surtling",         	"RewardGold": 0, "RewardIron": 1, "RewardCoins": 320   },
      { "Biome": "Swamp",       "TargetID": "Wraith",           	"RewardGold": 0, "RewardIron": 2, "RewardCoins": 400   },
      { "Biome": "Swamp",       "TargetID": "Wraith",           	"RewardGold": 1, "RewardIron": 1, "RewardCoins": 600   },
      { "Biome": "Swamp",       "TargetID": "WraithWarrior",    	"RewardGold": 0, "RewardIron": 2, "RewardCoins": 410   },
      { "Biome": "Swamp",       "TargetID": "WraithWarrior",    	"RewardGold": 1, "RewardIron": 2, "RewardCoins": 450   },
      { "Biome": "Swamp",       "TargetID": "HelWraith_TW",         "RewardGold": 1, "RewardIron": 2, "RewardCoins": 650   },
      { "Biome": "Swamp",       "TargetID": "HelWraith_TW",         "RewardGold": 1, "RewardIron": 2, "RewardCoins": 700   },
      { "Biome": "Swamp",       "TargetID": "Abomination",      	"RewardGold": 2, "RewardIron": 1, "RewardCoins": 700   },
      { "Biome": "Swamp",       "TargetID": "Abomination",     		"RewardGold": 3, "RewardIron": 2, "RewardCoins": 1100   },
      { "Biome": "Swamp",       "TargetID": "Crawler_TW",     		"RewardGold": 0, "RewardIron": 2, "RewardCoins": 330   },
      { "Biome": "Swamp",       "TargetID": "PoisonSkeletonWarrior",    	"RewardGold": 0, "RewardIron": 1, "RewardCoins": 325   },
      { "Biome": "Swamp",       "TargetID": "PoisonSkeletonWarrior",    	"RewardGold": 1, "RewardIron": 1, "RewardCoins": 350   },
      { "Biome": "Swamp",       "TargetID": "Wendigo_LM",    	"RewardGold": 2, "RewardIron": 1, "RewardCoins": 500   },
      { "Biome": "Swamp", 		"TargetID": "Out_Apparition",   	"RewardGold": 2, "RewardIron": 2, "RewardCoins": 100   },
    
      { "Biome": "Ocean",       "TargetID": "DeepSea_Serpent",          		"RewardGold": 0, "RewardIron": 1, "RewardCoins": 500  },
      { "Biome": "Ocean",       "TargetID": "Serpent",          				"RewardGold": 0, "RewardIron": 1, "RewardCoins": 300  },
      
      { "Biome": "Mountain",    "TargetID": "Wolf",             	"RewardGold": 0, "RewardIron": 2, "RewardCoins": 500   },
      { "Biome": "Mountain",    "TargetID": "Wolf",             	"RewardGold": 1, "RewardIron": 1, "RewardCoins": 550   },
      { "Biome": "Mountain",    "TargetID": "Hatchling",        	"RewardGold": 0, "RewardIron": 2, "RewardCoins": 500   },
      { "Biome": "Mountain",    "TargetID": "Hatchling",        	"RewardGold": 1, "RewardIron": 1, "RewardCoins": 550   },
      { "Biome": "Mountain",    "TargetID": "GrizzlyBear_TW",       "RewardGold": 0, "RewardIron": 2, "RewardCoins": 500   },
      { "Biome": "Mountain",    "TargetID": "GrizzlyBear_TW",       "RewardGold": 1, "RewardIron": 1, "RewardCoins": 550   },
      { "Biome": "Mountain",    "TargetID": "Fenring",          	"RewardGold": 0, "RewardIron": 2, "RewardCoins": 550   },
      { "Biome": "Mountain",    "TargetID": "Fenring",          	"RewardGold": 1, "RewardIron": 2, "RewardCoins": 600   },
      { "Biome": "Mountain",    "TargetID": "IceSkeletonWarrior",   "RewardGold": 0, "RewardIron": 1, "RewardCoins": 520   },
      { "Biome": "Mountain",    "TargetID": "IceSkeletonWarrior",   "RewardGold": 1, "RewardIron": 1, "RewardCoins": 550   },
      { "Biome": "Mountain",    "TargetID": "StoneGolem",        	"RewardGold": 0, "RewardIron": 3, "RewardCoins": 750   },
      { "Biome": "Mountain",    "TargetID": "StoneGolem",        	"RewardGold": 1, "RewardIron": 2, "RewardCoins": 1000   },
      { "Biome": "Mountain",    "TargetID": "ObsidianGolem_TW",     "RewardGold": 0, "RewardIron": 3, "RewardCoins": 725   },
      { "Biome": "Mountain",    "TargetID": "ObsidianGolem_TW",     "RewardGold": 1, "RewardIron": 2, "RewardCoins": 950   },
      { "Biome": "Mountain",    "TargetID": "StoneGolem",       	"RewardGold": 4, "RewardIron": 3, "RewardCoins": 1200   },
	  { "Biome": "Mountain",    "TargetID": "Fenring_Cultist",  	"RewardGold": 0, "RewardIron": 3, "RewardCoins": 800   },
	  { "Biome": "Mountain",    "TargetID": "Fenring_Cultist",  	"RewardGold": 2, "RewardIron": 1, "RewardCoins": 1000   },
      { "Biome": "Mountain",    "TargetID": "Out_Yeti",    			"RewardGold": 1, "RewardIron": 1, "RewardCoins": 725   },
      { "Biome": "Mountain",    "TargetID": "Out_Yeti",       		"RewardGold": 3, "RewardIron": 2, "RewardCoins": 1100   },
      { "Biome": "Mountain", 	"TargetID": "Out_Apparition",   	"RewardGold": 2, "RewardIron": 1, "RewardCoins": 100   },

      { "Biome": "Plains",      "TargetID": "Goblin",           	"RewardGold": 0, "RewardIron": 3, "RewardCoins": 600   },
      { "Biome": "Plains",      "TargetID": "Goblin",           	"RewardGold": 1, "RewardIron": 1, "RewardCoins": 700   },
	  { "Biome": "Plains",      "TargetID": "Lox",              	"RewardGold": 2, "RewardIron": 0, "RewardCoins": 900   },
	  { "Biome": "Plains",      "TargetID": "Lox",              	"RewardGold": 3, "RewardIron": 1, "RewardCoins": 1000   },
	  { "Biome": "Plains",      "TargetID": "ML_GoblinLox",         "RewardGold": 3, "RewardIron": 0, "RewardCoins": 1000   },
	  { "Biome": "Plains",      "TargetID": "Prowler_TW",           "RewardGold": 0, "RewardIron": 2, "RewardCoins": 800   },
	  { "Biome": "Plains",      "TargetID": "Prowler_TW",           "RewardGold": 1, "RewardIron": 2, "RewardCoins": 900   },
	  { "Biome": "Plains",      "TargetID": "BlobTar",              "RewardGold": 0, "RewardIron": 3, "RewardCoins": 610   },
	  { "Biome": "Plains",      "TargetID": "BlobTar",              "RewardGold": 1, "RewardIron": 3, "RewardCoins": 650   },
      { "Biome": "Plains",      "TargetID": "Deathsquito",      	"RewardGold": 0, "RewardIron": 3, "RewardCoins": 600   },
      { "Biome": "Plains",      "TargetID": "Deathsquito",      	"RewardGold": 1, "RewardIron": 3, "RewardCoins": 800   },
      { "Biome": "Plains",      "TargetID": "GoblinBrute",      	"RewardGold": 3, "RewardIron": 0, "RewardCoins": 900   },
      { "Biome": "Plains",      "TargetID": "GoblinBrute",      	"RewardGold": 4, "RewardIron": 2, "RewardCoins": 1300   },
      { "Biome": "Plains",      "TargetID": "GoblinShaman",     	"RewardGold": 0, "RewardIron": 3, "RewardCoins": 650   },
      { "Biome": "Plains",      "TargetID": "GoblinShaman",     	"RewardGold": 1, "RewardIron": 1, "RewardCoins": 700   },
      { "Biome": "Plains",      "TargetID": "DwarfGoblinShaman",    "RewardGold": 0, "RewardIron": 3, "RewardCoins": 650   },
      { "Biome": "Plains",      "TargetID": "DwarfGoblinShaman",    "RewardGold": 1, "RewardIron": 1, "RewardCoins": 700   },
      { "Biome": "Plains",      "TargetID": "Out_VoidCultist",     	"RewardGold": 0, "RewardIron": 3, "RewardCoins": 650   },
      { "Biome": "Plains",      "TargetID": "Out_VoidCultist",     	"RewardGold": 1, "RewardIron": 2, "RewardCoins": 700   },
      { "Biome": "Plains", 		"TargetID": "Out_Apparition",   	"RewardGold": 3, "RewardIron": 1, "RewardCoins": 100   },
      { "Biome": "Plains", 		"TargetID": "Out_BirchElder",       "RewardGold": 1, "RewardIron": 1, "RewardCoins": 600   },

      { "Biome": "Mistlands",   "TargetID": "Seeker",           	"RewardGold": 0, "RewardIron": 5, "RewardCoins": 800  },
      { "Biome": "Mistlands",   "TargetID": "SeekerBrute",      	"RewardGold": 4, "RewardIron": 0, "RewardCoins": 1200  },
      { "Biome": "Mistlands",   "TargetID": "SeekerBrute",      	"RewardGold": 5, "RewardIron": 0, "RewardCoins": 1300   },
      { "Biome": "Mistlands",   "TargetID": "Seeker",           	"RewardGold": 0, "RewardIron": 5, "RewardCoins": 800   },
      { "Biome": "Mistlands",   "TargetID": "Gjall",            	"RewardGold": 0, "RewardIron": 5, "RewardCoins": 1000  },
      { "Biome": "Mistlands",   "TargetID": "Gjall",            	"RewardGold": 4, "RewardIron": 2, "RewardCoins": 1400  },
      { "Biome": "Mistlands",   "TargetID": "Dverger", 				"RewardGold": 0, "RewardIron": 5, "RewardCoins": 1200 },
      { "Biome": "Mistlands",   "TargetID": "DvergerMage", 			"RewardGold": 0, "RewardIron": 5, "RewardCoins": 1300 },
      { "Biome": "Mistlands",   "TargetID": "Molluscan", 			"RewardGold": 0, "RewardIron": 4, "RewardCoins": 1000 },
      { "Biome": "Mistlands",   "TargetID": "Molluscan", 			"RewardGold": 2, "RewardIron": 2, "RewardCoins": 1200 },

      { "Biome": "AshLands",   "TargetID": "AshenImp_TW",   		"RewardGold": 1, "RewardIron": 5, "RewardCoins": 1000   },
      { "Biome": "AshLands",   "TargetID": "AshenDrake_TW",   		"RewardGold": 1, "RewardIron": 5, "RewardCoins": 1100  },
      { "Biome": "AshLands",   "TargetID": "AshenScorpid_TW",   	"RewardGold": 1, "RewardIron": 6, "RewardCoins": 1050   },
      { "Biome": "AshLands",   "TargetID": "AshenGolem_TW",   		"RewardGold": 5, "RewardIron": 5, "RewardCoins": 2100  },
      { "Biome": "AshLands",   "TargetID": "ML_AshHuldra",   		"RewardGold": 1, "RewardIron": 5, "RewardCoins": 1300   },
      { "Biome": "AshLands",   "TargetID": "AshenDemon_TW",   		"RewardGold": 5, "RewardIron": 5, "RewardCoins": 2000  },
      { "Biome": "AshLands",   "TargetID": "AshenWarg_TW",   		"RewardGold": 1, "RewardIron": 6, "RewardCoins": 1500   },
      { "Biome": "AshLands",   "TargetID": "AshenDimetrodon_TW",   	"RewardGold": 5, "RewardIron": 5, "RewardCoins": 2000  },
      { "Biome": "AshLands",   "TargetID": "AshenMinotaur_TW",   	"RewardGold": 1, "RewardIron": 6, "RewardCoins": 1050   },
      { "Biome": "AshLands",   "TargetID": "AshenCrab_TW",   		"RewardGold": 1, "RewardIron": 5, "RewardCoins": 1100  },

      { "Biome": "DeepNorth",   "TargetID": "ArcticDrake_TW",   	"RewardGold": 1, "RewardIron": 5, "RewardCoins": 1000   },
      { "Biome": "DeepNorth",   "TargetID": "JotunnBrute_TW",   	"RewardGold": 4, "RewardIron": 5, "RewardCoins": 1800  },
      { "Biome": "DeepNorth",   "TargetID": "ArcticGolem_TW",   	"RewardGold": 5, "RewardIron": 5, "RewardCoins": 2100   },
      { "Biome": "DeepNorth",   "TargetID": "ArcticBear_TW",   		"RewardGold": 1, "RewardIron": 5, "RewardCoins": 1100  },
      { "Biome": "DeepNorth",   "TargetID": "ArcticCultist_TW",   	"RewardGold": 2, "RewardIron": 5, "RewardCoins": 1500   },
      { "Biome": "DeepNorth",   "TargetID": "ArcticFenring_TW",   	"RewardGold": 1, "RewardIron": 4, "RewardCoins": 1250   },
      { "Biome": "DeepNorth",   "TargetID": "ArcticWolf_TW",   		"RewardGold": 1, "RewardIron": 5, "RewardCoins": 1150   },
      { "Biome": "DeepNorth",   "TargetID": "ArcticMammoth_TW",   	"RewardGold": 2, "RewardIron": 6, "RewardCoins": 1300   }
    ],
    // To configure custom bosses, order them in the order of progression desired. 
	"Bosses": [
      {"Biome": "Meadows",		"BossPrefab": "Eikthyr",		  "BossDefeatedKey": "defeated_eikthyr" },
      {"Biome": "BlackForest",	"BossPrefab": "gd_king",		  "BossDefeatedKey": "defeated_gdking" },
      {"Biome": "Ocean",		"BossPrefab": "Bonemass",		  "BossDefeatedKey": "defeated_bonemass" }, 
      {"Biome": "Swamp", 		"BossPrefab": "Bonemass",		  "BossDefeatedKey": "defeated_bonemass" },
      {"Biome": "Mountain", 	"BossPrefab": "Dragon",			  "BossDefeatedKey": "defeated_dragon" },
      {"Biome": "Plains", 		"BossPrefab": "GoblinKing",		  "BossDefeatedKey": "defeated_goblinking" },
      {"Biome": "Mistlands", 	"BossPrefab": "SeekerQueen",	  "BossDefeatedKey": "defeated_queen" },
      {"Biome": "AshLands", 	"BossPrefab": "SeekerQueen",	  "BossDefeatedKey": "defeated_queen" },
      {"Biome": "DeepNorth", 	"BossPrefab": "SeekerQueen",	  "BossDefeatedKey": "defeated_queen" }
    ],
    "Names": {
      "ChanceForSpecialName": 0.01,
      "SpecialNames": [
        "Randy Knapp, Celestial Being",
        "Vapok, Moderator Extraordinaire",
        "MajorGhosty, Super Tester",
        "Majestic, Super Tester",
        "Diamond Dave, Patron",
        "Molag Bal, Patron",
        "Brimstone, Patron",
        "A???, Patron",
        "Br28, Patron",
        "C4RP3 N0CT3M, Patron",
        "Daedric_Gaming, Patron",
        "Ghosty, Patron",
        "Morpheus1101, Patron",
        "OGDiamondDave, Patron",
        "Pervy, Patron",
        "Squibzzz, Patron",
        "YourFavoriteBaddie, Patron",
		"Majestic, Da Furry"
      ],
      "Prefixes": [
        "$mod_epicloot_bounties_prefix_acid",       
        "$mod_epicloot_bounties_prefix_aeztr",       
        "$mod_epicloot_bounties_prefix_agukir",       
        "$mod_epicloot_bounties_prefix_ajath",       
        "$mod_epicloot_bounties_prefix_akanoth",       
        "$mod_epicloot_bounties_prefix_almollak",       
        "$mod_epicloot_bounties_prefix_anarchis",       
        "$mod_epicloot_bounties_prefix_anger",       
        "$mod_epicloot_bounties_prefix_anguish",
        "$mod_epicloot_bounties_prefix_asja",       
        "$mod_epicloot_bounties_prefix_aunuksih",       
        "$mod_epicloot_bounties_prefix_awnd",       
        "$mod_epicloot_bounties_prefix_azath",       
        "$mod_epicloot_bounties_prefix_azzamod",       
        "$mod_epicloot_bounties_prefix_bagthamuun",       
        "$mod_epicloot_bounties_prefix_barb",       
        "$mod_epicloot_bounties_prefix_bathtador",       
        "$mod_epicloot_bounties_prefix_bein",
        "$mod_epicloot_bounties_prefix_bepshish",       
        "$mod_epicloot_bounties_prefix_blemish",       
        "$mod_epicloot_bounties_prefix_blent",       
        "$mod_epicloot_bounties_prefix_bone",       
        "$mod_epicloot_bounties_prefix_boninned",       
        "$mod_epicloot_bounties_prefix_borth",       
        "$mod_epicloot_bounties_prefix_bracknik",       
        "$mod_epicloot_bounties_prefix_brazrannug",       
        "$mod_epicloot_bounties_prefix_caella",
        "$mod_epicloot_bounties_prefix_danger",       
        "$mod_epicloot_bounties_prefix_deakgu",       
        "$mod_epicloot_bounties_prefix_deceit",       
        "$mod_epicloot_bounties_prefix_deraria",       
        "$mod_epicloot_bounties_prefix_desonia",       
        "$mod_epicloot_bounties_prefix_dogmozun",       
        "$mod_epicloot_bounties_prefix_domr",       
        "$mod_epicloot_bounties_prefix_dread",       
        "$mod_epicloot_bounties_prefix_drogtherun",
        "$mod_epicloot_bounties_prefix_drorothiuk",       
        "$mod_epicloot_bounties_prefix_dugi",       
        "$mod_epicloot_bounties_prefix_dulphumph",       
        "$mod_epicloot_bounties_prefix_dwent",       
        "$mod_epicloot_bounties_prefix_envy",       
        "$mod_epicloot_bounties_prefix_etherezi",       
        "$mod_epicloot_bounties_prefix_ezeret",       
        "$mod_epicloot_bounties_prefix_fafseal",       
        "$mod_epicloot_bounties_prefix_fame",
        "$mod_epicloot_bounties_prefix_fate",       
        "$mod_epicloot_bounties_prefix_feairi",       
        "$mod_epicloot_bounties_prefix_fear",       
        "$mod_epicloot_bounties_prefix_felagi",       
        "$mod_epicloot_bounties_prefix_feldgulg",       
        "$mod_epicloot_bounties_prefix_feral",       
        "$mod_epicloot_bounties_prefix_floerd",       
        "$mod_epicloot_bounties_prefix_florialle",       
        "$mod_epicloot_bounties_prefix_florola",
        "$mod_epicloot_bounties_prefix_frodi",       
        "$mod_epicloot_bounties_prefix_frosti",       
        "$mod_epicloot_bounties_prefix_funa",       
        "$mod_epicloot_bounties_prefix_fwent",       
        "$mod_epicloot_bounties_prefix_gagrellan",       
        "$mod_epicloot_bounties_prefix_gallhag",       
        "$mod_epicloot_bounties_prefix_garunoth",       
        "$mod_epicloot_bounties_prefix_griever",       
        "$mod_epicloot_bounties_prefix_grima",
        "$mod_epicloot_bounties_prefix_hagr",       
        "$mod_epicloot_bounties_prefix_hath",       
        "$mod_epicloot_bounties_prefix_hatred",       
        "$mod_epicloot_bounties_prefix_helleanor",       
        "$mod_epicloot_bounties_prefix_hephinore",       
        "$mod_epicloot_bounties_prefix_hermadi",       
        "$mod_epicloot_bounties_prefix_hildr",       
        "$mod_epicloot_bounties_prefix_hjala",       
        "$mod_epicloot_bounties_prefix_hluti",
        "$mod_epicloot_bounties_prefix_horron",       
        "$mod_epicloot_bounties_prefix_horror",       
        "$mod_epicloot_bounties_prefix_igurg",       
        "$mod_epicloot_bounties_prefix_irrad",       
        "$mod_epicloot_bounties_prefix_ithturus",       
        "$mod_epicloot_bounties_prefix_jaugruje",       
        "$mod_epicloot_bounties_prefix_jecsuqut",       
        "$mod_epicloot_bounties_prefix_jekegshout",       
        "$mod_epicloot_bounties_prefix_jougyeq",
        "$mod_epicloot_bounties_prefix_kolruzok",       
        "$mod_epicloot_bounties_prefix_kula",       
        "$mod_epicloot_bounties_prefix_litlaus",       
        "$mod_epicloot_bounties_prefix_lorethe",       
        "$mod_epicloot_bounties_prefix_lugdum",       
        "$mod_epicloot_bounties_prefix_lyvise",       
        "$mod_epicloot_bounties_prefix_malice",       
        "$mod_epicloot_bounties_prefix_malmr",       
        "$mod_epicloot_bounties_prefix_margath",
        "$mod_epicloot_bounties_prefix_mask",       
        "$mod_epicloot_bounties_prefix_mattr",       
        "$mod_epicloot_bounties_prefix_mighty",       
        "$mod_epicloot_bounties_prefix_mimir",       
        "$mod_epicloot_bounties_prefix_mol",       
        "$mod_epicloot_bounties_prefix_moleck",       
        "$mod_epicloot_bounties_prefix_moloth",       
        "$mod_epicloot_bounties_prefix_morbius",       
        "$mod_epicloot_bounties_prefix_mordvig",
        "$mod_epicloot_bounties_prefix_natt",       
        "$mod_epicloot_bounties_prefix_nehgac",       
        "$mod_epicloot_bounties_prefix_nelleanor",       
        "$mod_epicloot_bounties_prefix_nephyana",       
        "$mod_epicloot_bounties_prefix_night",       
        "$mod_epicloot_bounties_prefix_noxuc",       
        "$mod_epicloot_bounties_prefix_nucsus",       
        "$mod_epicloot_bounties_prefix_nysalin",       
        "$mod_epicloot_bounties_prefix_olganeth",
        "$mod_epicloot_bounties_prefix_opathu",       
        "$mod_epicloot_bounties_prefix_orinys",       
        "$mod_epicloot_bounties_prefix_orrakith",       
        "$mod_epicloot_bounties_prefix_ostronag",       
        "$mod_epicloot_bounties_prefix_osuxah",       
        "$mod_epicloot_bounties_prefix_ovaettr",       
        "$mod_epicloot_bounties_prefix_pnaby",       
        "$mod_epicloot_bounties_prefix_pra",       
        "$mod_epicloot_bounties_prefix_qflugi",
        "$mod_epicloot_bounties_prefix_rage",       
        "$mod_epicloot_bounties_prefix_recseh",       
        "$mod_epicloot_bounties_prefix_rezuaq",       
        "$mod_epicloot_bounties_prefix_rok",       
        "$mod_epicloot_bounties_prefix_rot",       
        "$mod_epicloot_bounties_prefix_ruqujua",       
        "$mod_epicloot_bounties_prefix_sal",       
        "$mod_epicloot_bounties_prefix_scabthatch",       
        "$mod_epicloot_bounties_prefix_scare",
        "$mod_epicloot_bounties_prefix_scaron",       
        "$mod_epicloot_bounties_prefix_sezzonas",       
        "$mod_epicloot_bounties_prefix_shadeling",       
        "$mod_epicloot_bounties_prefix_shahxuja",       
        "$mod_epicloot_bounties_prefix_skeltal",       
        "$mod_epicloot_bounties_prefix_skjar",       
        "$mod_epicloot_bounties_prefix_skod",       
        "$mod_epicloot_bounties_prefix_skoth",       
        "$mod_epicloot_bounties_prefix_sloth",
        "$mod_epicloot_bounties_prefix_smog",       
        "$mod_epicloot_bounties_prefix_sorguleth",       
        "$mod_epicloot_bounties_prefix_sorrow",       
        "$mod_epicloot_bounties_prefix_soul",       
        "$mod_epicloot_bounties_prefix_spirit",       
        "$mod_epicloot_bounties_prefix_spite",       
        "$mod_epicloot_bounties_prefix_stormerki",       
        "$mod_epicloot_bounties_prefix_taustpion",       
        "$mod_epicloot_bounties_prefix_terron",
        "$mod_epicloot_bounties_prefix_terror",       
        "$mod_epicloot_bounties_prefix_theloya",       
        "$mod_epicloot_bounties_prefix_tiglemun",       
        "$mod_epicloot_bounties_prefix_torment",       
        "$mod_epicloot_bounties_prefix_trostraus",       
        "$mod_epicloot_bounties_prefix_twilight",       
        "$mod_epicloot_bounties_prefix_tyrant",       
        "$mod_epicloot_bounties_prefix_tyvase",       
        "$mod_epicloot_bounties_prefix_uemiara",
        "$mod_epicloot_bounties_prefix_ugaq",       
        "$mod_epicloot_bounties_prefix_und",       
        "$mod_epicloot_bounties_prefix_uquxa",       
        "$mod_epicloot_bounties_prefix_urnollaar",       
        "$mod_epicloot_bounties_prefix_ushuq",       
        "$mod_epicloot_bounties_prefix_vaett",       
        "$mod_epicloot_bounties_prefix_vam",       
        "$mod_epicloot_bounties_prefix_vind",       
        "$mod_epicloot_bounties_prefix_vit",
        "$mod_epicloot_bounties_prefix_vozgonoth",       
        "$mod_epicloot_bounties_prefix_vyneano",       
        "$mod_epicloot_bounties_prefix_vynynore",       
        "$mod_epicloot_bounties_prefix_waringo",       
        "$mod_epicloot_bounties_prefix_warrior",       
        "$mod_epicloot_bounties_prefix_wind",       
        "$mod_epicloot_bounties_prefix_witseab",       
        "$mod_epicloot_bounties_prefix_wrath",       
        "$mod_epicloot_bounties_prefix_wurtguth",
        "$mod_epicloot_bounties_prefix_xaanuzhe",       
        "$mod_epicloot_bounties_prefix_xagdrik",       
        "$mod_epicloot_bounties_prefix_xarpug",       
        "$mod_epicloot_bounties_prefix_xogdrath",       
        "$mod_epicloot_bounties_prefix_xolgog",       
        "$mod_epicloot_bounties_prefix_yegoth",       
        "$mod_epicloot_bounties_prefix_yerghug",       
        "$mod_epicloot_bounties_prefix_yoryne",       
        "$mod_epicloot_bounties_prefix_zephinore",
        "$mod_epicloot_bounties_prefix_zetheret",       
        "$mod_epicloot_bounties_prefix_zmak",       
        "$mod_epicloot_bounties_prefix_zollmallan",       
        "$mod_epicloot_bounties_prefix_zorinak"
      ],
      "Suffixes": [
        "$mod_epicloot_bounties_suffix_dirt_eater",       
        "$mod_epicloot_bounties_suffix_frenzied_raider",       
        "$mod_epicloot_bounties_suffix_hero_slayer",       
        "$mod_epicloot_bounties_suffix_keeper_of_nightmares",       
        "$mod_epicloot_bounties_suffix_king_of_the_wicked",       
        "$mod_epicloot_bounties_suffix_lord_of_helheim", 
        "$mod_epicloot_bounties_suffix_marrow_eater",       
        "$mod_epicloot_bounties_suffix_mysterious_one",       
        "$mod_epicloot_bounties_suffix_nomad_of_the_wastelands",       
        "$mod_epicloot_bounties_suffix_patron_of_the_mad",       
        "$mod_epicloot_bounties_suffix_spoiled_one",       
        "$mod_epicloot_bounties_suffix_steward_of_the_eclipse", 
        "$mod_epicloot_bounties_suffix_thief_of_ignorance",       
        "$mod_epicloot_bounties_suffix_thunderous_one",       
        "$mod_epicloot_bounties_suffix_tortured_soul",       
        "$mod_epicloot_bounties_suffix_treasure_hunter",       
        "$mod_epicloot_bounties_suffix_umbral_stalker",       
        "$mod_epicloot_bounties_suffix_unspeakable_horror",

        "$mod_epicloot_bounties_suffix_bannerlord",       
        "$mod_epicloot_bounties_suffix_battleborn",       
        "$mod_epicloot_bounties_suffix_battlefury",       
        "$mod_epicloot_bounties_suffix_bloodspilt",       
        "$mod_epicloot_bounties_suffix_carrionfeast",       
        "$mod_epicloot_bounties_suffix_clevermind",       
        "$mod_epicloot_bounties_suffix_cursebreaker",       
        "$mod_epicloot_bounties_suffix_darkcloak",       
        "$mod_epicloot_bounties_suffix_darkshade",       
        "$mod_epicloot_bounties_suffix_darkstone", 
        "$mod_epicloot_bounties_suffix_dawnbreaker",       
        "$mod_epicloot_bounties_suffix_dawnfire",       
        "$mod_epicloot_bounties_suffix_deathgreeting",       
        "$mod_epicloot_bounties_suffix_deathgrin",       
        "$mod_epicloot_bounties_suffix_doomsphere",       
        "$mod_epicloot_bounties_suffix_dreadfang",       
        "$mod_epicloot_bounties_suffix_glittermist",       
        "$mod_epicloot_bounties_suffix_gloryseeker",       
        "$mod_epicloot_bounties_suffix_greedgallow",       
        "$mod_epicloot_bounties_suffix_griefstrike",
        "$mod_epicloot_bounties_suffix_hailfall",       
        "$mod_epicloot_bounties_suffix_jotunkin",       
        "$mod_epicloot_bounties_suffix_lamplight",       
        "$mod_epicloot_bounties_suffix_nightfall",       
        "$mod_epicloot_bounties_suffix_oathbreaker",       
        "$mod_epicloot_bounties_suffix_omenbleed",       
        "$mod_epicloot_bounties_suffix_pestilence",       
        "$mod_epicloot_bounties_suffix_pridefall",       
        "$mod_epicloot_bounties_suffix_quake",       
        "$mod_epicloot_bounties_suffix_runekennen", 
        "$mod_epicloot_bounties_suffix_scythe",       
        "$mod_epicloot_bounties_suffix_siezefrenzy",       
        "$mod_epicloot_bounties_suffix_skullcrusher",       
        "$mod_epicloot_bounties_suffix_spearpoint",       
        "$mod_epicloot_bounties_suffix_spitemonger",       
        "$mod_epicloot_bounties_suffix_starfall",       
        "$mod_epicloot_bounties_suffix_starlight",       
        "$mod_epicloot_bounties_suffix_svalroot",       
        "$mod_epicloot_bounties_suffix_swiftspite",       
        "$mod_epicloot_bounties_suffix_thrall", 
        "$mod_epicloot_bounties_suffix_toothgrind",       
        "$mod_epicloot_bounties_prefix_torment",       
        "$mod_epicloot_bounties_suffix_twigsnapper",       
        "$mod_epicloot_bounties_suffix_viletongue",       
        "$mod_epicloot_bounties_suffix_warbane",       
        "$mod_epicloot_bounties_suffix_warfall",       
        "$mod_epicloot_bounties_suffix_warfighter",       
        "$mod_epicloot_bounties_suffix_whispersmith",

        "$mod_epicloot_bounties_suffix_of_courage",       
        "$mod_epicloot_bounties_suffix_of_hostility",       
        "$mod_epicloot_bounties_suffix_of_might",       
        "$mod_epicloot_bounties_suffix_of_radiance",       
        "$mod_epicloot_bounties_suffix_of_silence",       
        "$mod_epicloot_bounties_suffix_of_spite",       
        "$mod_epicloot_bounties_suffix_of_the_banner",       
        "$mod_epicloot_bounties_suffix_of_the_darkness",       
        "$mod_epicloot_bounties_suffix_of_tolling_bells", 
        "$mod_epicloot_bounties_suffix_of_vengeance",       
        "$mod_epicloot_bounties_suffix_the_abandoned",       
        "$mod_epicloot_bounties_suffix_the_ancient",       
        "$mod_epicloot_bounties_suffix_the_betrayer",       
        "$mod_epicloot_bounties_suffix_the_brutal",       
        "$mod_epicloot_bounties_suffix_the_brute",       
        "$mod_epicloot_bounties_suffix_the_butcher",       
        "$mod_epicloot_bounties_suffix_the_chatterer",       
        "$mod_epicloot_bounties_suffix_the_cleaver", 
        "$mod_epicloot_bounties_suffix_the_contemptible",       
        "$mod_epicloot_bounties_suffix_the_corpse",       
        "$mod_epicloot_bounties_suffix_the_cursed",       
        "$mod_epicloot_bounties_suffix_the_damned",       
        "$mod_epicloot_bounties_suffix_the_depraved",       
        "$mod_epicloot_bounties_suffix_the_destroyer",       
        "$mod_epicloot_bounties_suffix_the_doomed",       
        "$mod_epicloot_bounties_suffix_the_empty",       
        "$mod_epicloot_bounties_suffix_the_evil", 
        "$mod_epicloot_bounties_suffix_the_executioner",       
        "$mod_epicloot_bounties_suffix_the_fiend",       
        "$mod_epicloot_bounties_suffix_the_fierce",       
        "$mod_epicloot_bounties_suffix_the_foul",       
        "$mod_epicloot_bounties_suffix_the_ghastly",       
        "$mod_epicloot_bounties_suffix_the_gilt",       
        "$mod_epicloot_bounties_suffix_the_greedy",       
        "$mod_epicloot_bounties_suffix_the_guilty",       
        "$mod_epicloot_bounties_suffix_the_handsome", 
        "$mod_epicloot_bounties_suffix_the_hellion",       
        "$mod_epicloot_bounties_suffix_the_horror",       
        "$mod_epicloot_bounties_suffix_the_humiliated",       
        "$mod_epicloot_bounties_suffix_the_immortal",       
        "$mod_epicloot_bounties_suffix_the_insulted",       
        "$mod_epicloot_bounties_suffix_the_knife",       
        "$mod_epicloot_bounties_suffix_the_maligned",       
        "$mod_epicloot_bounties_suffix_the_mangler",       
        "$mod_epicloot_bounties_suffix_the_miser", 
        "$mod_epicloot_bounties_suffix_the_monster",       
        "$mod_epicloot_bounties_suffix_the_murderer",       
        "$mod_epicloot_bounties_suffix_the_needle",       
        "$mod_epicloot_bounties_suffix_the_noxious",       
        "$mod_epicloot_bounties_suffix_the_omen",       
        "$mod_epicloot_bounties_suffix_the_pierced",       
        "$mod_epicloot_bounties_suffix_the_prickly",       
        "$mod_epicloot_bounties_suffix_the_quickened",       
        "$mod_epicloot_bounties_suffix_the_raider", 
        "$mod_epicloot_bounties_suffix_the_reckoner",       
        "$mod_epicloot_bounties_suffix_the_revenant",       
        "$mod_epicloot_bounties_suffix_the_rude",       
        "$mod_epicloot_bounties_suffix_the_savage",       
        "$mod_epicloot_bounties_suffix_the_seer",       
        "$mod_epicloot_bounties_suffix_the_shield",       
        "$mod_epicloot_bounties_suffix_the_slaughtered",       
        "$mod_epicloot_bounties_suffix_the_slayer",       
        "$mod_epicloot_bounties_suffix_the_sleeper", 
        "$mod_epicloot_bounties_suffix_the_soldier",       
        "$mod_epicloot_bounties_suffix_the_spiteful",       
        "$mod_epicloot_bounties_suffix_the_talisman",       
        "$mod_epicloot_bounties_suffix_the_terrible",       
        "$mod_epicloot_bounties_suffix_the_vicious",       
        "$mod_epicloot_bounties_suffix_the_vile",       
        "$mod_epicloot_bounties_suffix_the_weapon",       
        "$mod_epicloot_bounties_suffix_the_wicked" 
      ] 
    }  
  } 
}