{
  "DisenchantCosts": {
    "Magic": [ 
      { "Item": "InfusedCrystal_JH", "Amount": 5 }
    ],
    "Rare": [ 
      { "Item": "InfusedCrystal_JH", "Amount": 10 }
    ],
    "Epic": [ 
      { "Item": "IronBountyToken", "Amount": 5 }
    ],
    "Legendary": [ 
      { "Item": "IronBountyToken", "Amount": 10 }
    ]
  },
  // Disenchant Products
  ///////////////////////////////////////////////////////////////////////////////////////////////
  "DisenchantProducts": [
    {
      "IsMagic": true, 
      "ItemTypes" : [ "OneHandedWeapon", "Bow", "TwoHandedWeapon", "Torch", "Tool", "Shield", "Helmet", "Chest", "Legs", "Shoulder", "Utility" ],
      "Rarity": "Magic",
      "Products": [
        { "Item": "RunestoneMagic",    	"Amount": 1 },
        { "Item": "ShardMagic", 		"Amount": 1 }
      ]
    },
    {
      "IsMagic": true, 
      "ItemTypes" : [ "OneHandedWeapon", "Bow", "TwoHandedWeapon", "Torch", "Tool", "Shield", "Helmet", "Chest", "Legs", "Shoulder", "Utility" ],
      "Rarity": "Rare",
      "Products": [
        { "Item": "DustRare",    		"Amount": 1 },
        { "Item": "ShardRare", 			"Amount": 1 }
      ]
    },
    {
      "IsMagic": true, 
      "ItemTypes" : [ "OneHandedWeapon", "Bow", "TwoHandedWeapon", "Torch", "Tool", "Shield", "Helmet", "Chest", "Legs", "Shoulder", "Utility" ],
      "Rarity": "Epic",
      "Products": [
        { "Item": "DustEpic",    		"Amount": 1 },
        { "Item": "ShardEpic", 			"Amount": 1 }
      ]
    },
    {
      "IsMagic": true, 
      "ItemTypes" : [ "OneHandedWeapon", "Bow", "TwoHandedWeapon", "Torch", "Tool", "Shield", "Helmet", "Chest", "Legs", "Shoulder", "Utility" ],
      "Rarity": "Legendary",
      "Products": [
        { "Item": "DustLegendary",    	"Amount": 1 },
        { "Item": "ShardLegendary", 	"Amount": 1 }
      ]
    },
	
	
	
    {
      "ItemTypes" : [ "Trophy" ],
      "ItemNames" : [ "$item_trophy_boar", "$item_trophy_deer", "$item_trophy_greydwarf", "$item_trophy_neck", "$item_trophy_skeleton", "$item_trophy_skeletonpoison", "$item_trophy_draugrfem" ],
      "Products" : [ { "Item": "ReagentMagic", "Amount": 1 } ]
    },
    {
      "ItemTypes" : [ "Trophy" ],
      "ItemNames" : [ "$item_trophy_troll", "$item_trophy_greydwarfbrute", "$item_trophy_greydwarfshaman", "$item_trophy_blob", "$item_trophy_draugr", "$item_trophy_draugrelite", "$item_trophy_draugrfem", "$item_trophy_foresttroll", "$item_trophy_leech", "$item_trophy_ulv", "$item_trophy_growth", "$item_trophy_cultist", "$item_trophy_surtling", "$item_trophy_wolf", "$item_trophy_wraith" ],
      "Products" : [ { "Item": "ReagentMagic", "Amount": 1 } ]
    },
    {
      "ItemTypes" : [ "Trophy" ],
      "ItemNames" : [ "$item_trophy_fenring", "$item_trophy_goblin", "$item_trophy_hatchling", "$item_trophy_lox", "$item_trophy_sgolem", "$item_trophy_deathsquito", "$item_trophy_abomination", "$item_trophy_goblinshaman", "$item_trophy_tick", "$item_trophy_hare" ],
      "Products" : [ { "Item": "ReagentMagic", "Amount": 1 } ]
    },
    {
      "ItemTypes" : [ "Trophy" ],
      "ItemNames" : [ "$item_trophy_goblinbrute", "$item_trophy_goblinshaman", "$item_trophy_serpent", "$item_trophy_seeker", "$item_trophy_seeker_brute", "$item_trophy_gjall", "$item_trophy_dvergr" ],
      "Products" : [ { "Item": "ReagentMagic", "Amount": 1 } ]
    },
	
	{
      "ItemTypes" : [ "Trophy" ],
      "ItemNames" : [ "$item_trophy_landmolluscan", "$item_trophy_deepseaserpent", "$item_trophy_deepseamolluscan", "$item_trophy_skeletonfire", "$item_trophy_skeletonice" ],
      "Products" : [ { "Item": "ReagentMagic", "Amount": 1 } ]
    },
	
	{
      "ItemTypes" : [ "Trophy" ],
      "ItemNames" : [ "$item_trophy_icedrake", "$item_trophy_flamedrake", "$item_trophy_arcanedrake", "$item_trophy_poisondrake", "$item_trophy_darkdrake", "$item_trophy_darknessdrake", "$item_trophy_golddrake", "$item_trophy_skeletonchar_dod", "$item_trophy_skeletonr_dod", "$item_trophy_skeletong_dod", "$item_trophy_frozenbones_dod", "$item_trophy_forestwolf_dod", "$item_trophy_direwolf_dod", "$item_trophy_vilefang_dod", "$item_trophy_frostling_dod", "$item_trophy_voidling_dod", "$item_trophy_stormling_dod", "$item_trophy_livinglava_dod", "$item_trophy_blackdeer_dod", "$item_trophy_obgolem_dod", "$item_trophy_lavagolem_dod", "$item_trophy_icegolem_dod", "$item_trophy_livingwater_dod", "$item_trophy_gsurtling_dod" ],
      "Products" : [ { "Item": "ReagentMagic", "Amount": 1 } ]
    },
	
	{
      "ItemTypes" : [ "Trophy" ],
      "ItemNames" : [ "$trophy_fox_TW", "$trophy_rottingelk_TW", "$trophy_crawler_TW", "$trophy_razorback_TW", "$trophy_blackbear_TW", "$trophy_obsidiangolem_TW", "$trophy_grizzlybear_TW", "$trophy_prowler_TW", "$trophy_arcticserpent_TW", "$trophy_arcticgolem_TW", "$trophy_arcticwolf_TW", "$trophy_arcticfenringcultist_TW", "$trophy_arcticfenring_TW", "$trophy_arcticmammoth_TW", "$trophy_arcticdrake_TW", "$trophy_arcticbear_TW", "$trophy_jotunnbrute_TW", "$trophy_ashenwarg_TW", "$trophy_ashengolem_TW", "$trophy_ashenminotaur_TW", "$trophy_ashenscorpid_TW", "$trophy_ashendrake_TW", "$trophy_ashencrab_TW", "$trophy_ashenimp_TW", "$trophy_ashendemon_TW", "$trophy_ashendimetrodon_TW", "$trophy_ashenshark_TW" ],
      "Products" : [ { "Item": "ReagentMagic", "Amount": 1 } ]
    },
	
	{
      "ItemTypes" : [ "Trophy" ],
      "ItemNames" : [ "$item_trophy_eikthyr", "$trophy_asmodeus_TW" ],
      "Products" : [ { "Item": "ShardMagic", "Amount": 1 } ]
    },
	{
      "ItemTypes" : [ "Trophy" ],
      "ItemNames" : [ "$item_trophy_elder", "$trophy_svalt_TW", "$item_trophy_skeleton_hildir"],
      "Products" : [ { "Item": "ShardRare", "Amount": 1 } ]
    },
	{
      "ItemTypes" : [ "Trophy" ],
      "ItemNames" : [ "$item_trophy_dragonqueen", "$item_trophy_bonemass", "$trophy_vrykolathas_TW", "$item_trophy_cultist_hildir", "$item_trophy_nightmaredragon"],
      "Products" : [ { "Item": "ShardEpic", "Amount": 1 } ]
    },
	{
      "ItemTypes" : [ "Trophy" ],
      "ItemNames" : [ "$item_trophy_goblinking", "$item_trophy_brutebro", "$item_trophy_shamanbro", "$item_trophy_seekerqueen", "$trophy_sythrak_TW", "$item_trophy_ashhuldraqueen", "$item_trophy_surtr"],
      "Products" : [ { "Item": "ShardLegendary", "Amount": 1 } ]
    },
    {
      "ItemNames" : [ "$item_cryptkey" ],
      "Products" : [
        { "Item": "ShardMagic",    "Amount": 1}
      ]
    },
    {
      "ItemNames" : [ "$item_queen_drop" ],
      "Products" : [
        { "Item": "ShardLegendary",    "Amount": 2 }
      ]
    }
  ],


  // Enchant Costs
  ///////////////////////////////////////////////////////////////////////////////////////////////
  "EnchantCosts": [
  
    {
      "ItemTypes" : [ "OneHandedWeapon", "Torch", "Tool", "Bow", "TwoHandedWeapon", "Shield", "Helmet", "Chest", "Legs", "Shoulder", "Utility"   ],
      "Rarity": "Magic",
      "Cost": [
        { "Item": "DustMagic",      "Amount": 1 },
		{ "Item": "RunestoneMagic",      "Amount": 1 },
		{ "Item": "ShardMagic",      "Amount": 1 }
      ]
    },
	{
      "ItemTypes" : [ "OneHandedWeapon", "Torch", "Tool", "Bow", "TwoHandedWeapon", "Shield", "Helmet", "Chest", "Legs", "Shoulder", "Utility"   ],
      "Rarity": "Rare",
      "Cost": [
        { "Item": "DustRare",      "Amount": 1 },
		{ "Item": "RunestoneRare",      "Amount": 1 },
		{ "Item": "ShardRare",      "Amount": 1 }
      ]
    },
	{
      "ItemTypes" : [ "OneHandedWeapon", "Torch", "Tool", "Bow", "TwoHandedWeapon", "Shield", "Helmet", "Chest", "Legs", "Shoulder", "Utility"   ],
      "Rarity": "Epic",
      "Cost": [
        { "Item": "DustEpic",      "Amount": 2 },
		{ "Item": "RunestoneEpic",      "Amount": 2 },
		{ "Item": "ShardEpic",      "Amount": 2 }
      ]
    },
	{
      "ItemTypes" : [ "OneHandedWeapon", "Torch", "Tool", "Bow", "TwoHandedWeapon", "Shield", "Helmet", "Chest", "Legs", "Shoulder", "Utility"   ],
      "Rarity": "Legendary",
      "Cost": [
        { "Item": "DustLegendary",      "Amount": 3 },
		{ "Item": "RunestoneLegendary",      "Amount": 3 },
		{ "Item": "ShardLegendary",      "Amount": 3 }
      ]
    }	
  ],


  // Augment Costs
  ///////////////////////////////////////////////////////////////////////////////////////////////
  "AugmentCosts": [
	{
      "ItemTypes" : [ "OneHandedWeapon", "Torch", "Tool", "Bow", "TwoHandedWeapon", "Shield", "Helmet", "Chest", "Legs", "Shoulder", "Utility"   ],
      "Rarity": "Magic",
      "Cost": [
        { "Item": "ReagentMagic",      "Amount": 1 },
		{ "Item": "DustMagic",      "Amount": 1 }
      ]
    },
	{
      "ItemTypes" : [ "OneHandedWeapon", "Torch", "Tool", "Bow", "TwoHandedWeapon", "Shield", "Helmet", "Chest", "Legs", "Shoulder", "Utility"   ],
      "Rarity": "Rare",
      "Cost": [
        { "Item": "ReagentRare",      "Amount": 1 },
		{ "Item": "DustMagic",      "Amount": 2 }
      ]
    },
	{
      "ItemTypes" : [ "OneHandedWeapon", "Torch", "Tool", "Bow", "TwoHandedWeapon", "Shield", "Helmet", "Chest", "Legs", "Shoulder", "Utility"   ],
      "Rarity": "Epic",
      "Cost": [
        { "Item": "ReagentEpic",      "Amount": 1 },
		{ "Item": "DustMagic",      "Amount": 3 }
      ]
    },
	{
      "ItemTypes" : [ "OneHandedWeapon", "Torch", "Tool", "Bow", "TwoHandedWeapon", "Shield", "Helmet", "Chest", "Legs", "Shoulder", "Utility"   ],
      "Rarity": "Legendary",
      "Cost": [
        { "Item": "ReagentLegendary",      "Amount": 1 },
		{ "Item": "DustMagic",      "Amount": 5 }
      ]
    }
  ],
  "ReAugmentCosts" : [
    { "Item": "ForestToken", "Amount": 1 },
    { "Item": "ForestToken", "Amount": 5 },
    { "Item": "IronBountyToken", "Amount": 1 },
    { "Item": "IronBountyToken", "Amount": 5 },
    { "Item": "GoldBountyToken", "Amount": 5 }
  ] 
}
