{
  "ItemInfo": [
    {
      "Type": "Swords",
      "Fallback": "Axes",
      "Items": [ "SwordBronze", "SwordIron", "SwordSilver", "SwordBlackmetal", "SwordMistwalker", "THSwordKrom", "SwordScimitar_TW", "SwordChitin_TW", "ClaymoreBronze_TW", "ClaymoreChitin_TW", "ClaymoreIron_TW", "ClaymoreSilver_TW", "ClaymoreBlackmetal_TW", "SwordFlint_TW", "SwordBone_TW", "SwordNjord_TW", "SwordSurtr_TW" ],
      "ItemsByBoss" : {
        "defeated_eikthyr"    : [ "SwordFlint_TW", "SwordBone_TW" ],
        "defeated_gdking"     : [ "SwordBronze", "SwordChitin_TW", "ClaymoreBronze_TW", "ClaymoreChitin_TW", ],
        "defeated_bonemass"   : [ "SwordIron", "ClaymoreIron_TW" ],
        "defeated_dragon"     : [ "SwordSilver", "ClaymoreSilver_TW" ],
        "defeated_goblinking" : [ "SwordBlackmetal", "SwordScimitar_TW", "ClaymoreBlackmetal_TW" ],
        "defeated_queen"      : [ "SwordMistwalker", "THSwordKrom", "SwordNjord_TW", "SwordSurtr_TW" ]
      }
    },
    {
      "Type": "Axes",
      "Fallback": "Axes",
      "Items": [ "AxeStone", "AxeFlint", "AxeBronze", "AxeIron", "AxeBlackMetal", "AxeJotunBane", "AxeSilver_TW", "AxeDvergr_TW" ],
      "ItemsByBoss" : {
        "defeated_eikthyr"    : [ "AxeStone", "AxeFlint" ],
        "defeated_gdking"     : [ "AxeBronze" ],
        "defeated_bonemass"   : [ "AxeIron" ],
        "defeated_dragon"     : [ "AxeSilver_TW" ],
        "defeated_goblinking" : [ "AxeBlackMetal" ],
        "defeated_queen"      : [ "AxeJotunBane", "AxeDvergr_TW" ]
      }
    },
    {
      "Type": "TwoHandAxes",
      "Fallback": "Axes",
      "Items": [ "Battleaxe", "BattleaxeCrystal", "BattleaxeBronze_TW", "BattleaxeIron_TW", "BattleaxeSilver_TW", "BattleaxeBlackmetal_TW", "BattleaxeDvergr_TW" ],
      "ItemsByBoss" : {
        "defeated_eikthyr"    : [],
        "defeated_gdking"     : [ "BattleaxeBronze_TW" ],
        "defeated_bonemass"   : [ "Battleaxe", "BattleaxeIron_TW" ],
        "defeated_dragon"     : [ "BattleaxeCrystal", "BattleaxeSilver_TW" ],
        "defeated_goblinking" : [ "BattleaxeBlackmetal_TW" ],
        "defeated_queen"      : [ "BattleaxeDvergr_TW" ]
      }
    },
    {
      "Type": "Knives",
      "Fallback": "Clubs",
      "Items": [ "KnifeFlint", "KnifeCopper", "KnifeChitin", "KnifeSilver", "KnifeBlackMetal", "KnifeSkollAndHati", "KnifeIron_TW" ],
      "ItemsByBoss" : {
        "defeated_eikthyr"    : [ "KnifeFlint" ],
        "defeated_gdking"     : [ "KnifeCopper" ],
        "defeated_bonemass"   : [ "KnifeChitin", "KnifeIron_TW" ],
        "defeated_dragon"     : [ "KnifeSilver" ],
        "defeated_goblinking" : [ "KnifeBlackMetal" ],
        "defeated_queen"      : [ "KnifeSkollAndHati" ]
      }
    },
    {
      "Type": "Fists",
      "Fallback": "Knives",
      "Items": [ "FistFenrirClaw", "FistSilver_TW", "FistBlackmetal_TW", "FistDvergr_TW" ],
      "ItemsByBoss" : {
        "defeated_eikthyr"    : [],
        "defeated_gdking"     : [],
        "defeated_bonemass"   : [],
        "defeated_dragon"     : [ "FistFenrirClaw", "FistSilver_TW" ],
        "defeated_goblinking" : [ "FistBlackmetal_TW" ],
        "defeated_queen"      : [ "FistDvergr_TW" ]
      }
    },
    {
      "Type": "Staffs",
      "Fallback": "Spears",
      "Items": [ "StaffFireball", "StaffIceShards", "StaffShield", "StaffSkeleton" ],
      "ItemsByBoss" : {
        "defeated_eikthyr"    : [],
        "defeated_gdking"     : [],
        "defeated_bonemass"   : [],
        "defeated_dragon"     : [],
        "defeated_goblinking" : [],
        "defeated_queen"      : [ "StaffFireball", "StaffIceShards", "StaffShield", "StaffSkeleton" ]
      }
    },
    {
      "Type": "Clubs",
      "Fallback": "",
      "Items": [ "Club", "MaceBronze", "MaceIron", "MaceSilver", "MaceNeedle", "MaceFlint_TW", "GreatClub_TW", "MaceDvergr_TW" ],
      "ItemsByBoss" : {
        "defeated_eikthyr"    : [ "Club", "MaceFlint_TW", "GreatClub_TW" ],
        "defeated_gdking"     : [ "MaceBronze" ],
        "defeated_bonemass"   : [ "MaceIron" ],
        "defeated_dragon"     : [ "MaceSilver" ],
        "defeated_goblinking" : [ "MaceNeedle" ],
        "defeated_queen"      : [ "MaceDvergr_TW" ]
      }
    },
    {
      "Type": "Sledges",
      "Fallback": "Clubs",
      "Items": [ "SledgeIron", "SledgeDemolisher", "BattlehammerTrollbone_TW", "BattlehammerIron_TW", "BattlehammerSilver_TW", "BattlehammerBlackmetal_TW", "SledgeDemolisher_TW", "BattlehammerDvergr_TW", "SledgeSilver_TW", "SledgeBlackmetal_TW" ],
      "ItemsByBoss" : {
        "defeated_eikthyr"    : [],
        "defeated_gdking"     : [ "BattlehammerTrollbone_TW" ],
        "defeated_bonemass"   : [ "SledgeIron", "BattlehammerIron_TW" ],
        "defeated_dragon"     : [ "BattlehammerSilver_TW", "SledgeSilver_TW" ],
        "defeated_goblinking" : [ "BattlehammerBlackmetal_TW", "SledgeBlackmetal_TW" ],
        "defeated_queen"      : [ "SledgeDemolisher", "SledgeDemolisher_TW", "BattlehammerDvergr_TW" ]
      }
    },
    {
      "Type": "Polearms",
      "Fallback": "Spears",
      "Items": [ "AtgeirBronze", "AtgeirIron", "AtgeirBlackmetal", "AtgeirHimminAfl", "AtgeirSilver_TW", "TridentBlackmetal_TW", "LanceDvergr_TW" ],
      "ItemsByBoss" : {
        "defeated_eikthyr"    : [],
        "defeated_gdking"     : [ "AtgeirBronze" ],
        "defeated_bonemass"   : [ "AtgeirIron" ],
        "defeated_dragon"     : [ "AtgeirSilver_TW" ],
        "defeated_goblinking" : [ "AtgeirBlackmetal", "TridentBlackmetal_TW" ],
        "defeated_queen"      : [ "AtgeirHimminAfl", "LanceDvergr_TW" ]
      }
    },
    {
      "Type": "Spears",
      "Fallback": "Axes",
      "Items": [ "SpearFlint", "SpearBronze", "SpearElderbark", "SpearChitin", "SpearWolfFang", "SpearCarapace", "SpearBlackmetal_TW" ],
      "ItemsByBoss" : {
        "defeated_eikthyr"    : [ "SpearFlint" ],
        "defeated_gdking"     : [ "SpearBronze" ],
        "defeated_bonemass"   : [ "SpearElderbark", "SpearChitin" ],
        "defeated_dragon"     : [ "SpearWolfFang" ],
        "defeated_goblinking" : [ "SpearBlackmetal_TW" ],
        "defeated_queen"      : [ "SpearCarapace" ]
      }
    },
    {
      "Type": "Pickaxes",
      "Fallback": "Axes",
      "Items": [ "PickaxeAntler", "PickaxeBronze", "PickaxeIron", "PickaxeBlackMetal", "PickaxeSilver_TW", "PickaxeDvergr_TW" ],
      "ItemsByBoss" : {
        "defeated_eikthyr": 	[ "PickaxeAntler" ],
        "defeated_gdking"     : [ "PickaxeBronze" ],
        "defeated_bonemass"   : [ "PickaxeIron" ],
        "defeated_dragon"     : [ "PickaxeSilver_TW" ],
        "defeated_goblinking" : [ "PickaxeBlackMetal" ],
        "defeated_queen"      : [ "PickaxeDvergr_TW" ]
      }
    },
    {
      "Type": "Bows",
      "Fallback": "Clubs",
      "Items": [ "Bow", "BowFineWood", "BowHuntsman", "BowDraugrFang", "CrossbowArbalest", "BowSpineSnap", "BowBlackmetal_TW", "GreatbowBlackmetal_TW" ],
      "ItemsByBoss" : {
        "defeated_eikthyr"    : [ "Bow" ],
        "defeated_gdking"     : [ "BowFineWood" ],
        "defeated_bonemass"   : [ "BowHuntsman" ],
        "defeated_dragon"     : [ "BowDraugrFang" ],
        "defeated_goblinking" : [ "BowBlackmetal_TW", "GreatbowBlackmetal_TW" ],
        "defeated_queen"      : [ "CrossbowArbalest", "BowSpineSnap" ]
      }
    },
    {
      "Type": "Bucklers",
      "Fallback": "RoundShields",
      "Items": [ "ShieldBronzeBuckler", "ShieldIronBuckler", "ShieldCarapaceBuckler" ],
      "ItemsByBoss" : {
        "defeated_eikthyr"    : [  ],
        "defeated_gdking"     : [ "ShieldBronzeBuckler" ],
        "defeated_bonemass"   : [ "ShieldIronBuckler" ],
        "defeated_dragon"     : [  ],
        "defeated_goblinking" : [  ],
        "defeated_queen"      : [ "ShieldCarapaceBuckler" ]
      }
    },
    {
      "Type": "RoundShields",
      "Fallback": "ShieldWood",
      "Items": [ "ShieldWood", "ShieldBanded", "ShieldSilver", "ShieldBlackmetal", "ShieldCarapace", "ShieldBronzeBanded_TW" ],
      "ItemsByBoss" : {
        "defeated_eikthyr"    : [ "ShieldWood" ],
        "defeated_gdking"     : [ "ShieldBronzeBanded_TW" ],
        "defeated_bonemass"   : [ "ShieldBanded" ],
        "defeated_dragon"     : [ "ShieldSilver" ],
        "defeated_goblinking" : [ "ShieldBlackmetal" ],
        "defeated_queen"      : [ "ShieldCarapace" ]
      }
    },
    {
      "Type": "TowerShields",
      "Fallback": "ShieldWoodTower",
      "Items": [ "ShieldWoodTower", "ShieldBoneTower", "ShieldIronTower", "ShieldSerpentscale", "ShieldBlackmetalTower", "ShieldBronzeTower_TW" ],
      "ItemsByBoss" : {
        "defeated_eikthyr"    : [ "ShieldWoodTower" ],
        "defeated_gdking"     : [ "ShieldBoneTower", "ShieldBronzeTower_TW" ],
        "defeated_bonemass"   : [ "ShieldIronTower", "ShieldSerpentscale" ],
        "defeated_dragon"     : [  ],
        "defeated_goblinking" : [ "ShieldBlackmetalTower" ],
        "defeated_queen"      : [  ]
      }
    },
    {
      "Type": "ChestArmor",
      "Fallback": "ArmorRagsChest",
      "Items": [ "ArmorRagsChest", "ArmorLeatherChest", "ArmorBronzeChest", "ArmorTrollLeatherChest", "ArmorIronChest", "ArmorRootChest", "ArmorWolfChest", "ArmorFenringChest", "ArmorPaddedCuirass", "ArmorCarapaceChest", "ArmorMageChest", "ArmorRottenChest_TW", "ArmorLoxChest_TW", "ArmorNobleChest", "ArmorBarbarianBronzeChestJD", "ArmorWarriorChest", "ArmorPlateIronChestJD", "ArmorDragonslayerChest", "ArmorWandererChest", "ArmorBlackmetalgarbChest", "ArmorSerpentChest", "ArmorMistlandsChest" ],
      "ItemsByBoss" : {
        "defeated_eikthyr"    : [ "ArmorRagsChest", "ArmorLeatherChest", "ArmorNobleChest" ],
        "defeated_gdking"     : [ "ArmorBronzeChest", "ArmorTrollLeatherChest", "ArmorBarbarianBronzeChestJD", "ArmorWarriorChest" ],
        "defeated_bonemass"   : [ "ArmorIronChest", "ArmorRootChest", "ArmorRottenChest_TW", "ArmorPlateIronChestJD" ],
        "defeated_dragon"     : [ "ArmorWolfChest", "ArmorFenringChest", "ArmorDragonslayerChest", "ArmorWandererChest" ],
        "defeated_goblinking" : [ "ArmorPaddedCuirass", "ArmorLoxChest_TW", "ArmorBlackmetalgarbChest", "ArmorSerpentChest", "ArmorMistlandsChest" ],
        "defeated_queen"      : [ "ArmorCarapaceChest", "ArmorMageChest" ]
      }
    },
    {
      "Type": "LegsArmor",
      "Fallback": "ArmorRagsLegs",
      "Items": [ "ArmorRagsLegs", "ArmorLeatherLegs", "ArmorTrollLeatherLegs", "ArmorBronzeLegs", "ArmorIronLegs", "ArmorRootLegs", "ArmorWolfLegs", "ArmorFenringLegs", "ArmorPaddedGreaves", "ArmorCarapaceLegs", "ArmorMageLegs", "ArmorRottenLegs_TW", "ArmorLoxLegs_TW", "ArmorNobleLegs", "ArmorBarbarianBronzeLegsJD", "ArmorWarriorLegs", "ArmorPlateIronLegsJD", "ArmorDragonslayerLegs", "ArmorWandererLegs", "ArmorBlackmetalgarbLegs", "ArmorSerpentLegs", "ArmorMistlandsLegs" ],
      "ItemsByBoss" : {
        "defeated_eikthyr"    : [ "ArmorRagsLegs", "ArmorLeatherLegs", "ArmorNobleLegs" ],
        "defeated_gdking"     : [ "ArmorTrollLeatherLegs", "ArmorBronzeLegs", "ArmorBarbarianBronzeLegsJD", "ArmorWarriorLegs" ],
        "defeated_bonemass"   : [ "ArmorIronLegs", "ArmorRootLegs", "ArmorRottenLegs_TW", "ArmorPlateIronLegsJD" ],
        "defeated_dragon"     : [ "ArmorWolfLegs", "ArmorFenringLegs", "ArmorDragonslayerLegs", "ArmorWandererLegs" ],
        "defeated_goblinking" : [ "ArmorPaddedGreaves", "ArmorLoxLegs_TW", "ArmorBlackmetalgarbLegs", "ArmorSerpentLegs", "ArmorMistlandsLegs" ],
        "defeated_queen"      : [ "ArmorCarapaceLegs", "ArmorMageLegs" ]
      }
    },
    {
      "Type": "HeadArmor",
      "Fallback": "ArmorRagsChest",
      "Items": [ "HelmetLeather", "HelmetTrollLeather", "HelmetBronze", "HelmetIron", "HelmetRoot", "HelmetDrake", "HelmetFenring", "HelmetPadded", "HelmetCarapace", "HelmetMage", "HelmetRotten_TW", "HelmetLox_TW", "ArmorNobleHelmet", "ArmorBarbarianBronzeHelmetJD", "ArmorWarriorHelmet", "ArmorPlateIronHelmetJD", "ArmorDragonslayerHelmet", "ArmorWandererHelmet", "ArmorBlackmetalgarbHelmet", "ArmorSerpentHelmet", "ArmorMistlandsHelmet" ],
      "ItemsByBoss" : {
        "defeated_eikthyr"    : [ "HelmetLeather", "ArmorNobleHelmet" ],
        "defeated_gdking"     : [ "HelmetTrollLeather", "HelmetBronze", "ArmorBarbarianBronzeHelmetJD", "ArmorWarriorHelmet" ],
        "defeated_bonemass"   : [ "HelmetIron", "HelmetRoot", "HelmetRotten_TW", "ArmorPlateIronHelmetJD" ],
        "defeated_dragon"     : [ "HelmetDrake", "HelmetFenring", "ArmorDragonslayerHelmet", "ArmorWandererHelmet" ],
        "defeated_goblinking" : [ "HelmetPadded", "HelmetLox_TW", "ArmorBlackmetalgarbHelmet", "ArmorSerpentHelmet", "ArmorMistlandsHelmet" ],
        "defeated_queen"      : [ "HelmetCarapace", "HelmetMage" ]
      }
    },
    {
      "Type": "ShouldersArmor",
      "Fallback": "ArmorRagsLegs",
      "Items": [ "CapeDeerHide", "CapeTrollHide", "CapeWolf", "CapeLinen", "CapeLox", "CapeFeather", "CapeRotten_TW", "ArmorNobleCape", "ArmorBarbarianCapeJD", "ArmorPlateCape", "ArmorWandererCape", "ArmorSerpentCape" ],
      "ItemsByBoss" : {
        "defeated_eikthyr"    : [ "CapeDeerHide", "ArmorNobleCape" ],
        "defeated_gdking"     : [ "CapeTrollHide", "ArmorBarbarianCapeJD" ],
        "defeated_bonemass"   : [ "CapeRotten_TW", "ArmorPlateCape" ],
        "defeated_dragon"     : [ "CapeWolf" ],
        "defeated_goblinking" : [ "CapeLinen", "CapeLox", "ArmorWandererCape", "ArmorSerpentCape" ],
        "defeated_queen"      : [ "CapeFeather" ]
      }
    },
    {
      "Type": "Torches",
      "Fallback": "Club",
      "Items": [ "Torch" ],
      "ItemsByBoss" : {
        "defeated_eikthyr"    : [ "Torch" ],
        "defeated_gdking"     : [  ],
        "defeated_bonemass"   : [  ],
        "defeated_dragon"     : [  ],
        "defeated_goblinking" : [  ],
        "defeated_queen"      : [  ]
      }
    },
    {
      "Type": "Tools",
      "Fallback": "Clubs",
      "Items": [ "Hammer", "Hoe", "Cultivator" ],
      "ItemsByBoss" : {
        "defeated_eikthyr"    : [ "Hammer", "Hoe" ],
        "defeated_gdking"     : [ "Cultivator" ],
        "defeated_bonemass"   : [  ],
        "defeated_dragon"     : [  ],
        "defeated_goblinking" : [  ],
        "defeated_queen"      : [  ]
      }
    },
    {
      "Type": "Utility",
      "Fallback": "Clubs",
      "Items": [ "LeatherBelt", "GoldRubyRing", "SilverRing" ],
      "ItemsByBoss" : {
        "defeated_eikthyr"    : [  ],
        "defeated_gdking"     : [ "LeatherBelt", "GoldRubyRing" ],
        "defeated_bonemass"   : [  ],
        "defeated_dragon"     : [ "SilverRing" ],
        "defeated_goblinking" : [  ],
        "defeated_queen"      : [  ]
      }
    }
  ]
}
