{
  "recipes": [
    {
      "name": "Recipe_LeatherBelt",
      "item": "LeatherBelt",
      "craftingStation": "piece_workbench",
      "resources": [
        { "item": "LeatherScraps", "amount": 10 },
        { "item": "DeerHide", "amount": 5 }
      ]
    },
    {
      "name": "Recipe_SilverRing",
      "item": "SilverRing",
      "craftingStation": "forge",
      "resources": [
		{ "item": "Silver", "amount": 4 },
        { "item": "Tin", "amount": 6 }
      ]
    },
    {
      "name": "Recipe_GoldRubyRing",
      "item": "GoldRubyRing",
      "craftingStation": "forge",
      "resources": [
        { "item": "Bronze", "amount": 10 },
        { "item": "Ruby", "amount": 1 }
      ]
    }
  ]
}