[
	{
		"name": "HarpyEagle",
		"minExp": 120,
		"maxExp": 150,
		"level": 12
	},
	{
		"name": "Morcego",
		"minExp": 150,
		"maxExp": 180,
		"level": 14
	},
	{
		"name": "Swan",
		"minExp": 125,
		"maxExp": 150,
		"level": 11
	},
	{
		"name": "Beetle1",
		"minExp": 80,
		"maxExp": 90,
		"level": 6
	},
	{
		"name": "Beetle2",
		"minExp": 80,
		"maxExp": 90,
		"level": 6
	},
	{
		"name": "Beetle3",
		"minExp": 80,
		"maxExp": 90,
		"level": 6
	},
	{
		"name": "Beetle4",
		"minExp": 80,
		"maxExp": 90,
		"level": 6
	}
]